Feature,VIF
loudness,2.770061483871122
tempo,1.0904834626809776
duration_ms,1.112501264924073
mode,1.0173591003807905
time_signature,1.0703815758581952
acousticness,1.8959233612812705
danceability,1.6179004232581964
energy,3.798734643529077
instrumentalness,1.2452438063157536
liveness,1.1179908146719717
speechiness,1.2389639606967204
valence,1.6585555266577683
